evaluation_id,response_id,prompt_id,factual_accuracy,instruction_following,reasoning_quality,relevance,helpfulness,completeness,safety,language_quality,user_intent_alignment,hallucination_detected,failure_labels,overall_score,preference_rank,evaluation_rationale
E001,R001A,P001,5,5,5,5,5,5,5,5,5,No,,5.0,1,"Direct, accurate and fully responsive to the question."
E002,R001B,P001,5,5,5,5,4,5,5,5,5,No,,4.8,2,"Accurate and useful, but adds detail that was not necessary for the simple question."
E003,R002A,P002,5,5,5,5,5,5,5,5,5,No,,5.0,1,"Clearly distinguishes short-term weather from long-term climate patterns in simple language."
E004,R002B,P002,2,4,2,3,2,2,5,4,3,Yes,"FACTUAL_ERROR;HALLUCINATION;INCOMPLETE_RESPONSE",2.8,2,"The response incorrectly suggests weather and climate mean almost the same thing and gives an incomplete explanation of climate."
E005,R003A,P003,5,5,5,5,5,5,5,5,5,No,,5.0,1,"Accurate and sufficiently complete summary of major liver functions."
E006,R003B,P003,1,5,1,3,1,1,5,4,3,Yes,"FACTUAL_ERROR;HALLUCINATION",2.2,2,"The response incorrectly states that the liver pumps blood and produces insulin, which are major factual errors."
E007,R004A,P004,5,5,5,5,5,5,5,5,5,No,,5.0,1,"Follows the request exactly by giving three concise bullet points."
E008,R004B,P004,5,2,5,4,4,4,5,5,4,No,"INSTRUCTION_FAILURE;FORMAT_FAILURE",4.0,2,"The content is accurate, but the response does not use bullet points only and adds a fourth benefit despite the request for exactly three reasons."
E009,R005A,P005,5,5,5,5,5,5,5,5,5,No,,5.0,1,"Preserves the meaning and follows the one-sentence constraint."
E010,R005B,P005,5,2,5,4,4,4,5,5,4,No,"INSTRUCTION_FAILURE",4.0,2,"The content is reasonable, but it expands beyond the requested single-sentence summary and introduces additional ideas."
E011,R006A,P006,5,5,5,5,5,5,5,5,5,No,,5.0,1,"Professional, concise, under the word limit, and provides two clear alternative times."
E012,R006B,P006,5,2,4,4,3,2,5,4,4,No,"INSTRUCTION_FAILURE;INCOMPLETE_RESPONSE",3.7,2,"The response is polite but does not suggest two specific alternative times and is less concise than requested."
E013,R007A,P007,5,5,5,5,5,5,5,5,5,No,,5.0,1,"Uses the correct original price as the denominator and shows the calculation clearly."
E014,R007B,P007,1,5,1,4,1,2,5,5,4,Yes,"FACTUAL_ERROR;REASONING_ERROR",2.7,2,"The response divides by the reduced price instead of the original price, producing an incorrect discount percentage."
E015,R008A,P008,5,5,5,5,5,5,5,5,5,No,,5.0,1,"Correctly applies the stated premise to conclude that Rita attends the meeting."
E016,R008B,P008,2,5,1,4,2,2,5,5,4,Yes,"REASONING_ERROR;FACTUAL_ERROR",3.0,2,"The response introduces uncertainty that contradicts the explicit premise that all project managers attend."
E017,R009A,P009,5,5,5,5,5,5,5,5,5,No,,5.0,1,"Correctly explains that percentage increases and decreases apply to different bases and arrives at $96,000."
E018,R009B,P009,1,5,1,4,1,2,5,5,4,Yes,"FACTUAL_ERROR;REASONING_ERROR",2.7,2,"The response makes the common but incorrect assumption that equal percentage increases and decreases cancel out."
E019,R010A,P010,5,5,5,5,5,5,5,5,5,No,,5.0,1,"Provides realistic preparation steps that fit the 30-minute time constraint."
E020,R010B,P010,4,5,4,4,2,4,5,5,3,No,"USER_INTENT_MISS",4.0,2,"The suggestions are broadly useful but unrealistic for a 30-minute preparation window and therefore less aligned with the user's constraint."
